id,domain,citation_or_source,study_or_cohort,design_or_assay,main_point_supported,relevance_to_current_analysis,cautions_or_limitations,identifier
LM-001,Intrinsic subtypes,"Perou CM et al. Molecular portraits of human breast tumours. Nature. 2000.","65 breast-tumor specimens from 42 individuals","cDNA microarray; intrinsic-gene clustering","Breast tumors show reproducible transcriptional programs supporting molecular subdivision.","Foundational rationale for transcriptional heterogeneity and subtype analysis.","Predates RNA-seq and PAM50.","PMID 10963602; DOI 10.1038/35021093"
LM-002,PAM50,"Parker JS et al. Supervised risk predictor of breast cancer based on intrinsic subtypes. J Clin Oncol. 2009.","Multiple breast-cancer cohorts","50-gene intrinsic-subtype classifier","Established PAM50 classification of LumA, LumB, HER2-enriched, Basal-like and Normal-like expression patterns.","Core justification for PAM50-stratified interaction and subtype-effect analyses.","Assignment depends on preprocessing/centering and sample composition.","PMID 19204204; DOI 10.1200/JCO.2008.18.1370"
LM-003,TCGA BRCA,"Cancer Genome Atlas Network. Comprehensive molecular portraits of human breast tumours. Nature. 2012.","TCGA primary breast cancers","Multi-omic profiling including mRNA","Confirms major breast-cancer molecular classes across genomic platforms.","Supports TCGA-BRCA as a molecular-discovery cohort.","Mostly primary tumors; cross-sectional resource.","PMID 23000897; DOI 10.1038/nature11412"
LM-004,PAM50 interpretation,"Prat A et al. PAM50 assay and the three-gene model. Breast Cancer Res Treat. 2012.","Breast-cancer datasets","PAM50 and simplified subtype models","Reviews and compares molecular subtype classification.","Supports keeping gene-expression subtype distinct from IHC surrogates.","Not direct validation of project estimates.","PMID 22752290; DOI 10.1007/s10549-012-2143-0"
LM-005,PAM50 population distribution,"Sweeney C et al. Intrinsic subtypes from PAM50 gene expression assay in a population-based breast cancer cohort: differences by age, race, and tumor characteristics. 2014.","1,319 women","PAM50 RT-qPCR","Shows population subtype distributions and imperfect equivalence with clinical marker groups.","Supports retaining recorded molecular PAM50 labels.","FFPE RT-qPCR differs from TCGA RNA-seq.","PMID 24521995; DOI 10.1158/1055-9965.EPI-13-1023"
LM-006,PAM50 preprocessing,"Kensler KH et al. PAM50 Molecular Intrinsic Subtypes in the Nurses' Health Study Cohorts. 2019.","882 tumors and 695 tumor-adjacent tissues","PAM50 with alternative centering strategies","PAM50 calls depend on preprocessing; most adjacent tissues were Normal-like.","Supports distinction between recorded tumor Normal-like and actual normal tissue.","Adjacent tissue has composition/field effects.","PMID 30591591"
LM-007,Normal-like / contamination,"Elloumi F et al. Systematic bias in genomic classification due to contaminating non-neoplastic tissue in breast tumor samples. 2011.","55 tumors with paired adjacent normal","Genomic-signature contamination simulations","Non-neoplastic admixture can bias genomic predictors including PAM50.","Supports exclusion of recorded PAM50 Normal from formal four-subtype model as a caution.","Does not prove contamination in specific TCGA samples.","PMID 21718502"
LM-008,Normal-adjacent tissue,"Aran D et al. Comprehensive analysis of normal adjacent to tumor transcriptomes. Nat Commun. 2017.","6,506 samples across GTEx/TCGA","Harmonized RNA-seq healthy/NAT/tumor comparison","NAT can occupy an intermediate transcriptional state with endothelial/inflammatory alterations.","Caveat for interpreting matched TCGA normal breast as adjacent rather than untouched healthy breast.","Pan-cancer study.","PMID 29057876"
LM-009,Breast field effects,"Trujillo KA et al. Markers of fibrosis and EMT demonstrate field cancerization in histologically normal tissue adjacent to breast tumors. 2011.","Tumor-adjacent breast at differing distances","Microarray, qRT-PCR, IHC","Adjacent breast can show ECM remodeling, wound healing, fibrosis and EMT-associated changes.","Context for stromal/vascular/ECM signals in normal tissue.","Small tissue-location study.","PMID 21105047"
LM-010,Adjacent tissue heterogeneity,"Finak G et al. Gene expression signatures of morphologically normal breast tissue identify basal-like tumors. Breast Cancer Res. 2006.","44 subjects","Laser-capture epithelium/stroma microarray","Normal epithelium and stroma have distinct profiles; stromal composition matters.","Supports composition-aware interpretation of normal-side programs.","Microarray/microdissection differs from bulk TCGA.","PMID 17054791; DOI 10.1186/bcr1608"
LM-011,edgeR QL,"Lun ATL, Chen Y, Smyth GK. It's DE-licious. Methods Mol Biol. 2016.","Method paper","edgeR quasi-likelihood workflow","Describes filtering, normalization, dispersion and QL testing.","Direct methods support for paired patient-blocked edgeR QL models.","Methodological source only.","PMID 27008025; DOI 10.1007/978-1-4939-3578-9_19"
LM-012,edgeR workflow,"Chen Y, Lun ATL, Smyth GK. From reads to genes to pathways. F1000Research. 2016.","Method/tutorial","RNA-seq DE and pathway pipeline","Provides end-to-end edgeR QL workflow including complex contrasts and pathways.","Supports staged filter-normalize-model-test-enrich workflow.","Tutorial data differ from TCGA.","PMID 27508061; DOI 10.12688/f1000research.8987.2"
LM-013,GSEA,"Subramanian A et al. Gene set enrichment analysis. PNAS. 2005.","Method paper","Rank-based GSEA","Establishes GSEA for coordinated pathway shifts in ranked expression data.","Foundational support for ranked GO/Reactome GSEA.","Sensitive to rank metric and gene-set definitions.","PMID 16199517; DOI 10.1073/pnas.0506580102"
LM-014,Enrichment tooling,"Wu T et al. clusterProfiler 4.0. Innovation. 2021.","Method/software","Functional enrichment and GSEA","Documents clusterProfiler enrichment and visualization interfaces.","Software citation for GO/enrichment implementation.","Version-dependent outputs.","PMID 34557778; DOI 10.1016/j.xinn.2021.100141"
LM-015,Reactome,"Gillespie M et al. The Reactome pathway knowledgebase 2022. NAR. 2022.","Knowledgebase update","Curated pathways","Documents Reactome curated pathway resource.","Source justification for Reactome analyses.","Pathway overlap and redundancy must be handled.","PMID 34788843; DOI 10.1093/nar/gkab1028"
LM-016,Basal biology / FOXC1,"Ray PS et al. FOXC1 is a potential prognostic biomarker with functional significance in basal-like breast cancer. 2010.","Breast tumor cohorts plus functional models","Expression and functional assays","FOXC1 is elevated in basal-like breast cancer and linked to aggressive phenotypes.","Supports plausibility of FOXC1 among top PAM50 interaction genes.","Does not validate exact project effect sizes.","PMID 20406990; DOI 10.1158/0008-5472.CAN-09-4120"
LM-017,Luminal proliferation,"Jerjees DA et al. Prognostic and biological significance of proliferation and HER2 expression in the luminal class of breast cancer. 2014.","Luminal breast cancers","Ki67/HER2 clinicopathologic analysis","Proliferation helps distinguish biologically different luminal cancers.","Context for LumB-vs-LumA cell-cycle/proliferation separation.","Clinical luminal definitions are not identical to PAM50 RNA-seq.","PMID 24744091; DOI 10.1007/s10549-014-2941-7"
LM-018,Subtype stability,"Cejalvo JM et al. Intrinsic Subtypes and Gene Expression Profiles in Primary and Metastatic Breast Cancer. 2017.","123 paired primary/metastatic breast cancers","PAM50 and expression profiling","Intrinsic subtype can change during progression; proliferation/luminal programs shift.","Supports specimen-specific PAM50 interpretation.","Primary-metastatic context differs from tumor-normal pairing.","PMID 28249905"
LM-019,External candidate,"Liao C et al. Integrated Metabolic Profiling and Transcriptional Analysis... Cancer Res. 2022.","Human ER-positive/TNBC tumors plus models; GSE173991","RNA-seq + metabolomics","Independent breast-cancer resource spanning ER-positive, TNBC, normal and PDX samples.","Candidate for focused external marker/direction checks after metadata matching.","Pairing must be explicitly verified; small and incomplete subtype coverage.","PMID 34911787; DOI 10.1158/0008-5472.CAN-21-2745; GEO GSE173991"
LM-020,External candidate,"NCBI GEO GSE173991","40 profiles","HiSeq2500; STAR/Salmon; normalized/log2/filtered/centered/scaled matrix","Confirms exact external file structure and processing.","Schema/provenance source for future ingestion.","Processed matrix is centered/standardized; pairing must not be assumed from names.","GEO GSE173991"
LM-021,External candidate,"NCBI GEO GSE81540 / SCAN-B superseries","3,678 patients across 405-tumor training and 3,273-tumor validation cohorts; GEO also contains technical-replicate records","RNA-seq; FPKM/log2; PAM50 available at sample level","Large population-based breast-cancer RNA-seq resource with PAM50 classifications.","Strong candidate for external subtype-signature validation.","Tumor-only design cannot reproduce matched tumor-normal interaction.","GEO GSE81540; DOI 10.1200/PO.17.00135"
LM-022,SCAN-B,"Brueffer C et al. The mutational landscape of the SCAN-B real-world primary breast cancer transcriptome. 2020.","Large SCAN-B primary breast-cancer series","RNA-seq plus somatic variant analysis","Demonstrates scale and clinical/transcriptomic utility of SCAN-B.","Supports SCAN-B as mature external tumor-expression ecosystem.","Focus is mutations, not paired normals.","PMID 32926574"
LM-023,Provenance exclusion,"NCBI GEO GSE165252 / PERFECT","77 esophageal adenocarcinoma tumor-biopsy profiles","HiSeq4000; baseline/on-treatment/resection; processed count and VST matrices","Establishes staged matrix is esophageal adenocarcinoma, not breast cancer.","Formal evidence for excluding GSE165252 from direct breast-cancer validation.","Potentially useful only for unrelated cross-cancer exploration.","GEO GSE165252; PMID 33504550"
LM-024,Internal sensitivity,"Project six-normal sensitivity analysis, 2026.","TCGA-BRCA paired cohort","Removal of six pre-specified low-PC2 normal pairs","Primary global, PAM50, pathway and ten-gene results remained highly concordant.","Internal robustness evidence before external validation.","Internal validation only.","Private project output: cont_work_sensitivity"
LM-025,Count-model implementation,Chen Y et al. edgeR v4: powerful differential analysis of sequencing data with expanded functionality and improved support for small counts and larger datasets. Nucleic Acids Research. 2025.,Sequencing differential-expression methods,Negative-binomial GLMs and revised quasi-likelihood inference,edgeR v4 revises small-count quasi-likelihood treatment and implements fitting in C.,Version-specific implementation matters when assessing expression-model or compiler changes.,Method context only; do not relabel frozen versions or equate the local Efron verifier with edgeR inference.,DOI 10.1093/nar/gkaf018; https://doi.org/10.1093/nar/gkaf018
LM-026,Clinical prediction appraisal,"Moons KGM et al. PROBAST+AI: an updated quality, risk of bias, and applicability assessment tool for prediction models using regression or artificial intelligence methods. BMJ. 2025.",Clinical prediction model studies,Consensus risk-of-bias and applicability tool,"PROBAST+AI assesses prediction-model quality, bias and applicability across regression and AI methods.","Supports a separate R16 gate for population, predictor, outcome and analysis review.",Guidance is not validation of our exploratory association or computational kernel.,DOI 10.1136/bmj-2024-082505; https://www.bmj.com/content/388/bmj-2024-082505
LM-027,Clinical prediction reporting,Collins GS et al. TRIPOD+AI statement: updated guidance for reporting clinical prediction models that use regression or machine learning methods. BMJ. 2024.,Prediction-model development and evaluation,Consensus reporting guideline,TRIPOD+AI provides reporting guidance for clinical prediction models using regression or machine learning.,Defines transparent reporting if the separate clinical prediction lane becomes eligible.,Reporting completeness is not model quality or clinical validity; R10 is exploratory association.,DOI 10.1136/bmj-2023-078378; https://www.bmj.com/content/385/bmj-2023-078378
LM-028,Tumor heterogeneity and subtype stability,Ji J et al. Multi-regional transcriptomics reveals robust consensus subtypes beyond tumor heterogeneity of breast cancer. Translational Oncology. 2026.,Multiple breast-tumor regions and additional public tumor cohorts,Multi-region transcriptomics and low-heterogeneity NMF classification,The authors evaluate within-tumor typing discordance and propose classification using lower-heterogeneity expression features.,Motivates specimen representativeness and composition checks for subtype-linked tissue effects.,Tumor-region comparisons and a new three-class scheme do not replicate our four-PAM50 paired tumor/adjacent-normal interaction.,DOI 10.1016/j.tranon.2026.102840; https://pmc.ncbi.nlm.nih.gov/articles/PMC13259627/
LM-029,Clinical transcriptomic prediction,Do TTN et al. Multi-transcriptomics predicts clinical outcome in systemically untreated breast cancer patients with extensive follow-up. Breast Cancer Research. 2025.,Systemically untreated breast cancer patients with extensive follow-up,"Integrated mRNA, lncRNA and miRNA; outcome prediction with internal resampling",The study evaluates integrated RNA classes for recurrence prediction in primary tumors without adjuvant systemic therapy.,"Treatment context, recurrence endpoint and resampling design inform future clinical transportability requirements.",Outcome matching is not tumor/normal pairing; internal RNA-model evaluation does not validate our frozen score or overall-mortality endpoint.,DOI 10.1186/s13058-025-02061-2; https://link.springer.com/article/10.1186/s13058-025-02061-2
LM-030,Multimodal recurrence prediction,Sparano JA et al. An Artificial Intelligence (AI) model integrating multiscale foundation model histopathology representations with molecular and clinical features predicts early and late distant recurrence in TAILORx. npj Breast Cancer. 2026.,HR-positive HER2-negative node-negative TAILORx specimens,"Clinical, transcriptomic and pathology model; development and institutional holdout",The study reports distant-recurrence model evaluation using development and separate institutional holdout cohorts.,Illustrates endpoint-specific evaluation and separation of model development from held-out assessment.,Accepted early article may change before version of record. Within-trial institutional holdout does not validate our tissue score; distant recurrence differs from overall mortality.,DOI 10.1038/s41523-026-01022-y; https://www.nature.com/articles/s41523-026-01022-y
LM-031,PAM50 assay bridge,Zhang D et al. Bridging and analytical validation of the Prosigna Breast Risk of Recurrence Test as a whole-transcriptome NGS lab developed test. medRxiv preprint v1. 2026.,Surgical resections and core needle biopsies evaluated with Prosigna assays,Whole-transcriptome NGS laboratory-developed test compared with nCounter,The preprint reports analytical bridging of Prosigna subtype and recurrence-score measurements across assay platforms.,Informs assay-specific bridging and specimen compatibility requirements.,"PREPRINT version 1, not peer reviewed as reviewed; analytical agreement does not validate our 60-gene score, survival association or paired interaction.",DOI 10.64898/2026.06.23.26355479; https://www.medrxiv.org/content/10.64898/2026.06.23.26355479v1.full
LM-032,Cell-state and lineage interpretation,Iglesia MD et al. Differential chromatin accessibility and transcriptional dynamics define breast cancer subtypes and their lineages. Nature Cancer. 2024.,Breast tumors and limited adjacent tissue in multimodal profiling,"Single-cell/nucleus RNA, chromatin accessibility and spatial assays",The study investigates breast-cancer subtype and lineage programs with cell-resolved expression and chromatin measurements.,Supports composition and reference-compatibility questions without assigning bulk contrasts to one cell type.,"First online in 2024; retained for relevance, not described as a 2025/2026 publication. Limited adjacent samples and different assays do not replicate bulk paired effects.",DOI 10.1038/s43018-024-00773-6; https://www.nature.com/articles/s43018-024-00773-6
LM-033,RNA-seq survey,Conesa A et al. A survey of best practices for RNA-seq data analysis. Genome Biology. 2016.,RNA-seq experiments across contexts,"Review of design, QC, quantification, differential expression, and interpretation","RNA-seq workflows require explicit design, quality control, normalization, modeling and functional-analysis choices.","Cross-stage audit of TCGA-BRCA count provenance, sample QC, contrasts and downstream biological claims.",Broad review; not direct validation of TCGA-BRCA effects; published erratum exists.,DOI 10.1186/s13059-016-0881-8; PMID 26813401
LM-034,TMM normalization,"Robinson MD, Oshlack A. A scaling normalization method for differential expression analysis of RNA-seq data. Genome Biology. 2010.",RNA-seq count libraries,Trimmed mean of M-values (TMM) normalization,Composition-aware scaling corrects distortions not addressed by raw total-read scaling alone.,Justifies calcNormFactors before normalized CPM EDA and edgeR offset modeling.,TMM does not resolve biological confounding or all batch effects.,DOI 10.1186/gb-2010-11-3-r25; PMID 20196867
LM-035,R gene-level EDA,Love MI et al. RNA-seq workflow: gene-level exploratory analysis and differential expression. Bioconductor workflow. 2019.,RNA-seq example gene-count datasets,"Gene-level count processing, PCA, quality assessment and DESeq2",Count-derived transformations support EDA while inferential models require unnormalized counts.,Separates CPM/logCPM display and sample QC from frozen edgeR QL inferential inputs.,DESeq2 demonstration is an alternative workflow; not a prescription to replace edgeR.,https://bioconductor.org/packages/release/workflows/vignettes/rnaseqGene/inst/doc/rnaseqGene.html
LM-036,Precision-weighted RNA-seq,Law CW et al. voom: Precision weights unlock linear model analysis tools for RNA-seq read counts. Genome Biology. 2014.,RNA-seq methodological experiments,Mean-variance modeling of log-counts with observational precision weights,voom permits limma-based RNA-seq inference using estimated mean-variance weights.,Provides independent model-family comparison option for predeclared sensitivity studies.,Do not mix voom weights with edgeR QL estimates or relabel frozen fits.,DOI 10.1186/gb-2014-15-2-r29; PMID 24485249
LM-037,Bioconductor software engineering,Huber W et al. Orchestrating high-throughput genomic analysis with Bioconductor. Nature Methods. 2015.,High-throughput genomics software ecosystem,Interoperable R/Bioconductor software framework,"Bioconductor promotes interoperable data structures, open review and automated package testing.","Supports disciplined use of Bioconductor containers, version tracking and validated packages.",Software ecosystem overview is not a benchmark of this project's throughput.,DOI 10.1038/nmeth.3252; PMID 25633503
LM-038,R count model,"Robinson MD, McCarthy DJ, Smyth GK. edgeR: a Bioconductor package for differential expression analysis of digital gene expression data. Bioinformatics. 2010.",Digital gene-expression count experiments,Negative-binomial count modeling in edgeR,edgeR supplies statistical tools for gene-level count-based differential-expression analysis.,"Foundational implementation citation for preserved counts, dispersion fitting and testing.","Historic method paper; version-specific QL inference is separately supported by LM-011, LM-012 and LM-025.",DOI 10.1093/bioinformatics/btp616
LM-039,Computational workflow reproducibility,"Köster J, Rahmann S. Snakemake--a scalable bioinformatics workflow engine. Bioinformatics. 2012.",Bioinformatics computational pipelines,Dependency-driven workflow execution,"Snakemake provides reproducible, declarative workflow orchestration across compute environments.","Supports explicit stage DAGs, checksummed inputs, immutable results and avoiding redundant recomputation.",Illustrative option; no claim that the project currently uses Snakemake.,DOI 10.1093/bioinformatics/bts480; PMID 22908215
LM-040,Environment reproducibility,Grüning B et al. Bioconda: sustainable and comprehensive software distribution for the life sciences. Nature Methods. 2018.,Bioinformatics package and dependency ecosystem,Versioned bioinformatics software distribution,Bioconda distributes bioinformatics software and dependencies through a maintained package ecosystem.,Supports pinned computational environments and reproducible scientific software deployment.,Does not by itself guarantee identical numerical results across hardware and runtimes.,DOI 10.1038/s41592-018-0046-7; PMID 29967506
LM-041,High-dimensional genomics extension,Amezquita RA et al. Orchestrating single-cell analysis with Bioconductor. Nature Methods. 2020.,Single-cell genomics workflows,Bioconductor single-cell data containers and integrated analytics,Standardized containers and modular analysis infrastructure help organize high-dimensional assays.,Architectural guidance for future single-cell validation and assay-aware data organization.,Single-cell methods do not directly validate bulk TCGA-BRCA tumor-normal contrasts.,DOI 10.1038/s41592-019-0654-x
LM-042,Count-based comparator,"Love MI, Huber W, Anders S. Moderated estimation of fold change and dispersion for RNA-seq data with DESeq2. Genome Biology. 2014.",RNA-seq count studies,Negative-binomial differential-expression modeling with shrinkage,DESeq2 offers an independently developed count-based modeling framework.,Provides a separate sensitivity-analysis benchmark after design and effect orientation are matched.,Do not substitute transformed CPM for raw count inference or equate differing estimators.,DOI 10.1186/s13059-014-0550-8
LM-043,CPM and edgeR diagnostics,"Chen Y, Lun ATL, Smyth GK. From reads to genes to pathways: differential expression analysis of RNA-Seq experiments using Rsubread and the edgeR quasi-likelihood pipeline. F1000Research. 2016.",RNA-seq methodological tutorial,"edgeR filtering, normalization, logCPM visualization, MDS and QL inference",Distinguishes expression-scale exploration from count-based quasi-likelihood inference.,Supports TMM-normalized CPM/logCPM diagnostic gate and raw-count model separation.,Already indexed as LM-012; retained as a cross-reference rather than new independent evidence.,DOI 10.12688/f1000research.8987.2; https://pmc.ncbi.nlm.nih.gov/articles/PMC4934518/
LM-044,Reproducible computational research,Sandve GK et al. Ten Simple Rules for Reproducible Computational Research. PLOS Computational Biology. 2013.,Computational research workflows,"Provenance, parameter recording, versioning and automated research workflows","Traceability requires complete inputs, software versions, parameters and transformations.","Add figure-to-source manifests, seed records, sessionInfo and hashed inputs to R18 outputs.",General research guidance rather than evidence supporting any biological signal.,DOI 10.1371/journal.pcbi.1003285; PMID 24204232
LM-045,Effective scientific coding,Osborne JM et al. Ten Simple Rules for Effective Computational Research. PLOS Computational Biology. 2014.,Computational scientific software,"Prototype, testing, reuse and scientific code engineering",Modular prototypes and testing support more effective and maintainable scientific computation.,Use small typed/checked R functions and profiling before optimization.,Not an empirical comparison of R function-call speed.,DOI 10.1371/journal.pcbi.1003506
LM-046,Scientific software robustness,Ten simple rules for making research software more robust. PLOS Computational Biology. 2017.,Scientific research software,"Deterministic tests, usability and robust research software","Consistency, tested components and reproducibility improve research software reliability.","Require fixture-based tests, stable seeds, parameter capture and reproducible figures.",Recommendations are software-engineering guidance not an R-specific numerical benchmark.,DOI 10.1371/journal.pcbi.1005412
LM-047,Rapid scientific prototyping,Ten simple rules for quick and dirty scientific programming. PLOS Computational Biology. 2021.,Research code development,Lightweight maintainable development practice,Code development can balance iteration speed with critical reproducibility safeguards.,"Prioritize benchmarkable, single-purpose routines and tests ahead of style-only refactoring.",Not a recommendation to weaken statistical validation or quality gates.,DOI 10.1371/journal.pcbi.1008549
LM-048,Scientific software usability,List M et al. Ten Simple Rules for Developing Usable Software in Computational Biology. PLOS Computational Biology. 2017.,Computational biology applications,"Usability, interface, packaging and documentation principles",Scientific tooling benefits from accessible interfaces and clear documented behavior.,Standardize plotting functions and output contracts so analyses can be reviewed repeatedly.,General usability guidance; not direct proof of any chart's inferential validity.,DOI 10.1371/journal.pcbi.1005265
LM-049,R visual grammar,Wickham H. ggplot2: Elegant Graphics for Data Analysis. Springer. 2016.,Statistical graphics in R,Grammar of graphics; layered visual encoding,"Layered visual grammars separate data, mappings, statistical transformations and presentation.","Build reusable figure factories with explicit mappings, facets, labeling, output dimensions and themes.",Book reference; styling alone does not establish scientific accuracy.,ISBN 978-3-319-24277-4; https://ggplot2-book.org/
LM-050,R programming optimization,Wickham H. Advanced R. Second edition. Chapman and Hall/CRC. 2019.,R software and analytical functions,"Function design, memory, vectorization, profiling and performance",Structured functions and profiling enable reasoned computational optimization.,Use base vectorized matrix methods for bulk gene summaries and benchmark specialized helpers before adoption.,Performance depends on data shape and memory; do not assume vectorization always wins.,https://adv-r.hadley.nz/
LM-051,Scientific chart clarity,Wilke CO. Fundamentals of Data Visualization. O'Reilly Media. 2019.,Scientific and statistical graphics,"Visual encoding, distribution, color, composition and figure annotation","Effective scientific graphics require interpretable scales, clear labels, suitable marks and appropriate comparisons.","Define publication-ready figure standards for gene box/jitter, volcano, PCA, heatmaps and confidence interval displays.",Design guidance does not independently validate biological results.,https://clauswilke.com/dataviz/
LM-052,R package infrastructure,"Wickham H, Bryan J. R Packages. Second edition. O'Reilly Media. 2023.",R software engineering,"Functions, documentation, tests, dependency management and reusable packages",Package structure and testing improve maintainability of analytical R code.,"Extract stable R18 plotting, validation and CPM helpers into documented reusable functions.",Book and online manual; package conversion should not delay the frozen model gate.,https://r-pkgs.org/
